[
    {
      "short_code": "MD",
      "english_name": "Moldova, Republic of",
      "code_state": "+373 - Moldova, Republic of"
    },
    {
      "short_code": "MC",
      "english_name": "Monaco",
      "code_state": "+377 - Monaco"
    },
    {
      "short_code": "AN",
      "english_name": "Netherlands Antilles",
      "code_state": "+599 - Netherlands Antilles"
    },
    {
      "short_code": "NC",
      "english_name": "New Caledonia",
      "code_state": "+687 - New Caledonia"
    },
    {
      "short_code": "NZ",
      "english_name": "New Zealand",
      "code_state": "+64 - New Zealand"
    },
    {
      "short_code": "NU",
      "english_name": "Niue",
      "code_state": "+683 - Niue"
    },
    {
      "short_code": "NF",
      "english_name": "Norfolk Island",
      "code_state": "+672 - Norfolk Island"
    },
    {
      "short_code": "MP",
      "english_name": "Northern Mariana Islands",
      "code_state": "+1 670 - Northern Mariana Islands"
    },
    {
      "short_code": "BT",
      "english_name": "Ben Thanh Market",
      "code_state": "+84 - Ben Thanh Market"
    },
    {
      "short_code": "HN",
      "english_name": "Hanoi",
      "code_state": "+84 - Hanoi"
    },
    {
      "short_code": "HCM",
      "english_name": "Ho Chi Minh City",
      "code_state": "+84 - Ho Chi Minh City"
    },
    {
      "short_code": "DN",
      "english_name": "Da Nang",
      "code_state": "+84 - Da Nang"
    },
    {
      "short_code": "HP",
      "english_name": "Hai Phong",
      "code_state": "+84 - Hai Phong"
    },
    {
      "short_code": "CT",
      "english_name": "Can Tho",
      "code_state": "+84 - Can Tho"
    }
  ]
  
  